,1,2,3,4
rx_gpi2_72_pmpm_cost_6to9m_b4,29,29,23,30
atlas_pct_laccess_child15,107,118,114,92
atlas_recfacpth14,142,123,134,119
atlas_pct_fmrkt_frveg16,102,61,118,100
atlas_pct_free_lunch14,125,125,145,121
bh_ncal_pmpm_ct,0,0,3,0
cons_chmi,101,119,101,112
rx_gpi4_6110_pmpm_ct,2,1,0,2
atlas_pc_snapben15,100,111,121,150
credit_bal_nonmtgcredit_60dpd,120,105,146,137
rx_bh_mbr_resp_pmpm_cost_9to12m_b4,33,22,55,42
atlas_pct_laccess_nhna15,161,156,169,129
credit_hh_nonmtgcredit_60dpd,160,167,154,168
rx_bh_pmpm_ct_0to3m_b4,82,81,99,96
cons_lwcm10,123,123,114,129
atlas_fsrpth14,126,139,159,133
auth_3mth_dc_home,15,7,19,6
atlas_wicspth12,165,158,199,130
cmsd2_sns_digest_abdomen_pmpm_ct,27,22,18,14
atlas_ghveg_farms12,88,75,93,76
credit_hh_bankcardcredit_60dpd,177,177,168,170
total_outpatient_allowed_pmpm_cost_6to9m_b4,43,53,54,42
cons_cwht,92,68,74,69
atlas_netmigrationrate1016,142,156,163,150
atlas_pct_laccess_snap15,122,103,128,117
rx_nonmaint_mbr_resp_pmpm_cost_9to12m_b4,66,77,85,105
atlas_naturalchangerate1016,140,134,139,108
ccsp_236_pct,12,18,10,16
atlas_pct_laccess_hisp15,106,116,96,103
rx_overall_mbr_resp_pmpm_cost,86,86,81,87
rx_overall_gpi_pmpm_ct_0to3m_b4,62,86,85,69
auth_3mth_dc_snf,0,0,0,0
atlas_pct_laccess_hhnv15,148,96,123,135
auth_3mth_psychic,0,0,0,0
auth_3mth_bh_acute,0,0,0,0
credit_bal_consumerfinance,186,151,186,166
rwjf_uninsured_pct,125,131,155,136
rx_mail_mbr_resp_pmpm_cost_0to3m_b4,77,107,133,124
atlas_pct_wic15,111,137,171,120
ccsp_193_pct,32,10,26,17
auth_3mth_dc_hospice,0,0,0,0
atlas_pct_fmrkt_baked16,119,80,89,91
rx_nonmaint_mbr_resp_pmpm_cost,93,126,98,114
atlas_veg_farms12,64,77,95,77
atlas_vlfoodsec_13_15,144,141,140,172
rx_gpi2_34_dist_gpi6_pmpm_ct,7,5,4,3
bh_ip_snf_net_paid_pmpm_cost,0,0,0,0
credit_hh_bankcard_severederog,178,229,203,210
rx_hum_16_pmpm_ct,98,81,116,98
est_age,351,364,335,373
cnt_cp_webstatement_pmpm_ct,199,180,221,195
atlas_pct_laccess_seniors15,104,114,123,133
phy_em_px_pct,63,68,45,53
atlas_percapitainc,104,103,104,113
rwjf_uninsured_adults_pct,129,136,157,142
rx_generic_mbr_resp_pmpm_cost_0to3m_b4,120,85,106,112
rwjf_air_pollute_density,109,132,136,105
rx_gpi2_02_pmpm_cost,24,12,22,10
atlas_recfac14,50,71,65,57
lab_albumin_loinc_pmpm_ct,54,49,44,47
atlas_pct_obese_adults13,112,114,100,106
rev_pm_obsrm_pmpm_ct,23,24,21,26
atlas_pct_sfsp15,174,177,154,166
total_physician_office_net_paid_pmpm_cost_9to12m_b4,22,28,26,19
atlas_pc_dirsales12,143,162,176,161
cms_tot_partd_payment_amt,367,390,397,411
rx_nonotc_dist_gpi6_pmpm_ct,71,45,50,39
rx_nonmaint_pmpm_ct,63,74,77,71
rx_nonbh_mbr_resp_pmpm_cost_6to9m_b4,77,101,74,99
rx_nonbh_mbr_resp_pmpm_cost,105,120,128,107
atlas_redemp_snaps16,156,150,164,140
atlas_berry_farms12,72,77,90,94
rwjf_inactivity_pct,95,126,117,114
rx_gpi2_72_pmpm_ct_6to9m_b4,5,2,1,1
cons_n2pmr,72,84,85,81
auth_3mth_acute_res,0,0,0,0
rev_cms_ct_pmpm_ct,27,14,17,21
total_physician_office_copay_pmpm_cost,35,35,37,34
credit_num_agencyfirstmtg,157,136,150,138
atlas_agritrsm_rct12,70,77,123,101
rx_days_since_last_script,115,91,109,90
atlas_pct_laccess_pop15,129,132,111,107
rx_gpi2_01_pmpm_cost_0to3m_b4,7,7,8,12
atlas_povertyallagespct,93,132,107,123
rwjf_uninsured_child_pct,216,213,244,224
credit_bal_mtgcredit_new,157,165,144,159
atlas_pct_diabetes_adults13,117,126,99,131
atlas_pct_laccess_nhasian15,127,113,147,108
atlas_deep_pov_all,129,96,134,139
atlas_deep_pov_children,145,131,125,148
bh_ncdm_pct,12,4,1,10
auth_3mth_non_er,7,2,1,0
atlas_foodinsec_child_03_11,82,72,98,84
rx_branded_mbr_resp_pmpm_cost,64,58,46,53
atlas_pc_wic_redemp12,149,114,126,105
rwjf_mv_deaths_rate,148,122,97,145
atlas_pct_reduced_lunch14,171,149,162,178
cons_nwperadult,165,173,169,183
rx_hum_28_pmpm_cost,40,37,36,29
atlas_totalocchu,172,185,162,143
med_physician_office_ds_clm_6to9m_b4,35,43,29,37
atlas_pct_loclfarm12,122,140,119,112
rx_generic_mbr_resp_pmpm_cost,116,101,80,101
total_outpatient_mbr_resp_pmpm_cost_6to9m_b4,18,13,19,22
rx_gpi4_3400_pmpm_ct,17,10,14,8
lab_dist_loinc_pmpm_ct,97,81,89,80
atlas_pct_nslp15,139,153,134,157
rx_generic_pmpm_ct_0to3m_b4,89,67,62,88
atlas_pct_laccess_lowi15,131,126,125,134
atlas_pct_fmrkt_sfmnp16,49,62,57,70
atlas_pct_loclsale12,182,158,160,160
credit_bal_autobank,139,158,150,148
rx_overall_mbr_resp_pmpm_cost_0to3m_b4,130,116,127,125
rx_tier_2_pmpm_ct_3to6m_b4,60,50,63,69
rx_nonbh_net_paid_pmpm_cost,152,113,129,130
rx_maint_pmpm_ct_9to12m_b4,94,91,75,66
cms_risk_adjustment_factor_a_amt,203,196,259,200
rx_generic_pmpm_cost,186,161,169,189
cmsd2_eye_retina_pmpm_ct,11,19,10,11
auth_3mth_post_acute,0,0,0,0
auth_3mth_facility,0,0,0,0
rx_days_since_last_script_0to3m_b4,99,76,103,92
auth_3mth_acute_mean_los,1,1,0,10
credit_num_autofinance,114,93,137,105
auth_3mth_home,4,6,0,6
rx_maint_mbr_resp_pmpm_cost_6to9m_b4,80,91,98,68
atlas_pct_laccess_black15,129,113,148,92
atlas_hh65plusalonepct,126,111,106,106
rej_days_since_last_clm,66,59,72,61
bh_outpatient_net_paid_pmpm_cost,15,2,5,2
atlas_dirsales_farms12,98,112,114,152
rx_generic_pmpm_cost_6to9m_b4,113,131,117,118
rev_cms_ansth_pmpm_ct,0,3,0,2
atlas_convspth14,131,142,124,99
total_med_allowed_pmpm_cost_9to12m_b4,73,75,76,55
auth_3mth_acute,0,0,0,0
rx_nonbh_pmpm_ct_0to3m_b4,42,50,52,55
atlas_pc_ffrsales12,205,230,226,250
auth_3mth_dc_left_ama,0,0,0,0
credit_bal_bankcard_severederog,124,129,127,125
atlas_povertyunder18pct,114,104,117,98
rx_tier_1_pmpm_ct_0to3m_b4,114,104,111,102
cons_estinv30_rc,97,101,91,83
auth_3mth_bh_acute_men,0,0,0,0
rx_gpi2_34_pmpm_ct,18,27,18,29
auth_3mth_dc_custodial,0,0,0,0
atlas_veg_acrespth12,131,139,120,110
atlas_grocpth14,132,131,105,142
rx_gpi2_90_dist_gpi6_pmpm_ct_9to12m_b4,9,14,5,7
atlas_csa12,89,83,72,83
atlas_pct_fmrkt_snap16,45,61,60,38
met_obe_diag_pct,43,22,31,22
cms_partd_ra_factor_amt,199,167,139,162
atlas_pct_sbp15,132,111,92,103
rwjf_resident_seg_black_inx,140,132,127,135
atlas_pct_cacfp15,285,293,319,276
pdc_lip,56,68,61,55
atlas_ffrpth14,110,146,119,116
rx_tier_2_pmpm_ct,112,105,128,152
cons_n2pwh,63,90,79,59
atlas_pc_fsrsales12,124,118,113,144
credit_hh_1stmtgcredit,127,119,143,154
auth_3mth_snf_post_hsp,0,0,0,0
atlas_pct_fmrkt_wiccash16,11,5,16,16
atlas_foodinsec_13_15,183,180,221,171
atlas_fmrktpth16,94,123,109,119
cci_dia_m_pmpm_ct,39,42,40,34
cons_n2phi,87,73,56,59
bh_physician_office_copay_pmpm_cost_6to9m_b4,4,8,11,18
rwjf_income_inequ_ratio,143,142,121,146
rej_total_physician_office_visit_ct_pmpm_0to3m_b4,0,1,0,0
credit_num_nonmtgcredit_60dpd,129,92,117,143
credit_bal_autofinance_new,90,88,97,99
rwjf_men_hlth_prov_ratio,155,156,157,156
auth_3mth_dc_home_health,0,0,0,0
rx_gpi2_56_dist_gpi6_pmpm_ct_3to6m_b4,10,6,23,16
cmsd2_sns_genitourinary_pmpm_ct,2,3,2,3
bh_ncal_pct,3,7,11,6
atlas_pct_snap16,148,150,183,143
ccsp_227_pct,101,110,109,143
atlas_ghveg_sqftpth12,43,45,51,35
rx_days_since_last_script_6to9m_b4,65,71,75,68
atlas_orchard_acrespth12,123,116,135,125
atlas_pct_laccess_multir15,116,100,121,116
atlas_medhhinc,107,93,88,91
rwjf_mental_distress_pct,135,148,126,121
atlas_pct_laccess_nhpi15,77,94,93,116
auth_3mth_post_er,0,0,0,0
credit_num_consumerfinance_new,88,95,89,100
rx_gpi2_49_pmpm_cost_0to3m_b4,51,46,58,38
cons_chva,140,146,115,101
atlas_avghhsize,85,85,87,106
rx_overall_net_paid_pmpm_cost_6to9m_b4,91,79,107,111
atlas_ownhomepct,105,107,114,98
atlas_orchard_farms12,90,78,111,92
atlas_pct_fmrkt_wic16,26,23,27,23
rx_gpi2_33_pmpm_ct_0to3m_b4,4,6,14,14
rwjf_social_associate_rate,125,92,100,108
atlas_freshveg_farms12,89,77,93,65
days_since_last_clm_0to3m_b4,33,47,47,44
auth_3mth_bh_acute_mean_los,0,0,0,0
mcc_end_pct,35,54,25,40
cons_lwcm07,153,153,176,152
atlas_pct_laccess_white15,135,152,150,129
rx_gpi2_66_pmpm_ct,33,17,11,15
cons_ltmedicr,25,38,39,35
cons_hxmioc,56,55,53,50
cons_stlnindx,48,41,51,37
atlas_foodhub16,0,0,0,0
cons_rxmaint,54,39,37,26
cons_hxwearbl,13,17,22,12
cons_rxadhs,42,55,62,59
cons_rxadhm,35,47,48,66
cons_cgqs,136,132,132,145
total_bh_copay_pmpm_cost_t_9-6-3m_b4_Dec_2x-4x,0,0,0,0
total_bh_copay_pmpm_cost_t_9-6-3m_b4_New,0,0,2,0
total_bh_copay_pmpm_cost_t_9-6-3m_b4_No_Activity,2,3,8,15
total_bh_copay_pmpm_cost_t_9-6-3m_b4_No_Change,0,0,0,0
total_bh_copay_pmpm_cost_t_9-6-3m_b4_Resolved,1,0,0,6
mcc_ano_pmpm_ct_t_9-6-3m_b4_New,0,0,0,0
mcc_ano_pmpm_ct_t_9-6-3m_b4_No_Activity,1,0,8,4
mcc_ano_pmpm_ct_t_9-6-3m_b4_Resolved,0,0,0,0
rx_maint_pmpm_cost_t_12-9-6m_b4_Dec_2x-4x,0,0,3,0
rx_maint_pmpm_cost_t_12-9-6m_b4_Dec_4x-8x,0,0,0,0
rx_maint_pmpm_cost_t_12-9-6m_b4_Dec_over_8x,0,0,1,7
rx_maint_pmpm_cost_t_12-9-6m_b4_Inc_1x-2x,4,3,4,1
rx_maint_pmpm_cost_t_12-9-6m_b4_Inc_2x-4x,5,0,6,0
rx_maint_pmpm_cost_t_12-9-6m_b4_New,0,0,1,3
rx_maint_pmpm_cost_t_12-9-6m_b4_No_Activity,5,4,4,3
rx_maint_pmpm_cost_t_12-9-6m_b4_No_Change,1,0,1,2
rx_maint_pmpm_cost_t_12-9-6m_b4_Resolved,2,0,0,0
rx_nonbh_pmpm_cost_t_9-6-3m_b4_Dec_2x-4x,2,4,1,14
rx_nonbh_pmpm_cost_t_9-6-3m_b4_Dec_4x-8x,0,2,1,0
rx_nonbh_pmpm_cost_t_9-6-3m_b4_Dec_over_8x,8,4,5,5
rx_nonbh_pmpm_cost_t_9-6-3m_b4_Inc_1x-2x,7,12,15,9
rx_nonbh_pmpm_cost_t_9-6-3m_b4_Inc_2x-4x,2,1,0,0
rx_nonbh_pmpm_cost_t_9-6-3m_b4_Inc_4x-8x,2,1,0,0
rx_nonbh_pmpm_cost_t_9-6-3m_b4_New,0,0,0,0
rx_nonbh_pmpm_cost_t_9-6-3m_b4_No_Activity,1,0,2,1
rx_nonbh_pmpm_cost_t_9-6-3m_b4_No_Change,1,0,7,0
rx_nonbh_pmpm_cost_t_9-6-3m_b4_Resolved,3,0,0,1
rx_gpi2_17_pmpm_cost_t_12-9-6m_b4_Dec_2x-4x,0,0,0,0
rx_gpi2_17_pmpm_cost_t_12-9-6m_b4_Inc_1x-2x,0,2,0,0
rx_gpi2_17_pmpm_cost_t_12-9-6m_b4_Inc_2x-4x,0,0,0,0
rx_gpi2_17_pmpm_cost_t_12-9-6m_b4_Inc_4x-8x,0,0,0,0
rx_gpi2_17_pmpm_cost_t_12-9-6m_b4_New,2,2,0,1
rx_gpi2_17_pmpm_cost_t_12-9-6m_b4_No_Activity,133,140,141,145
rx_gpi2_17_pmpm_cost_t_12-9-6m_b4_No_Change,0,0,0,0
rx_gpi2_17_pmpm_cost_t_12-9-6m_b4_Resolved,3,7,1,2
rx_generic_pmpm_cost_t_6-3-0m_b4_Dec_2x-4x,1,9,1,4
rx_generic_pmpm_cost_t_6-3-0m_b4_Dec_over_8x,0,0,0,0
rx_generic_pmpm_cost_t_6-3-0m_b4_Inc_1x-2x,12,15,5,13
rx_generic_pmpm_cost_t_6-3-0m_b4_Inc_2x-4x,1,0,0,0
rx_generic_pmpm_cost_t_6-3-0m_b4_New,0,0,0,0
rx_generic_pmpm_cost_t_6-3-0m_b4_No_Activity,0,2,0,2
rx_generic_pmpm_cost_t_6-3-0m_b4_No_Change,6,0,1,1
rx_generic_pmpm_cost_t_6-3-0m_b4_Resolved,0,2,0,0
rx_overall_mbr_resp_pmpm_cost_t_6-3-0m_b4_Dec_2x-4x,0,8,4,2
rx_overall_mbr_resp_pmpm_cost_t_6-3-0m_b4_Dec_4x-8x,0,0,0,0
rx_overall_mbr_resp_pmpm_cost_t_6-3-0m_b4_Dec_over_8x,0,0,0,0
rx_overall_mbr_resp_pmpm_cost_t_6-3-0m_b4_Inc_1x-2x,9,3,5,3
rx_overall_mbr_resp_pmpm_cost_t_6-3-0m_b4_Inc_2x-4x,5,0,4,3
rx_overall_mbr_resp_pmpm_cost_t_6-3-0m_b4_Inc_4x-8x,0,1,4,0
rx_overall_mbr_resp_pmpm_cost_t_6-3-0m_b4_Inc_over_8x,9,0,0,9
rx_overall_mbr_resp_pmpm_cost_t_6-3-0m_b4_New,1,2,0,0
rx_overall_mbr_resp_pmpm_cost_t_6-3-0m_b4_No_Activity,39,51,42,36
rx_overall_mbr_resp_pmpm_cost_t_6-3-0m_b4_No_Change,4,3,0,0
rx_overall_mbr_resp_pmpm_cost_t_6-3-0m_b4_Resolved,0,0,3,1
rx_overall_dist_gpi6_pmpm_ct_t_6-3-0m_b4_Dec_4x-8x,1,1,1,3
rx_overall_dist_gpi6_pmpm_ct_t_6-3-0m_b4_Dec_over_8x,0,0,0,0
rx_overall_dist_gpi6_pmpm_ct_t_6-3-0m_b4_Inc_1x-2x,6,6,8,4
rx_overall_dist_gpi6_pmpm_ct_t_6-3-0m_b4_Inc_over_8x,0,0,0,0
rx_overall_dist_gpi6_pmpm_ct_t_6-3-0m_b4_New,0,1,0,1
rx_overall_dist_gpi6_pmpm_ct_t_6-3-0m_b4_No_Activity,0,0,0,1
rx_overall_dist_gpi6_pmpm_ct_t_6-3-0m_b4_No_Change,4,7,12,4
rx_overall_dist_gpi6_pmpm_ct_t_6-3-0m_b4_Resolved,0,0,0,0
rx_phar_cat_humana_pmpm_ct_t_9-6-3m_b4_Dec_2x-4x,0,0,0,0
rx_phar_cat_humana_pmpm_ct_t_9-6-3m_b4_Inc_1x-2x,6,8,1,6
rx_phar_cat_humana_pmpm_ct_t_9-6-3m_b4_Inc_2x-4x,0,0,0,2
rx_phar_cat_humana_pmpm_ct_t_9-6-3m_b4_New,0,1,0,1
rx_phar_cat_humana_pmpm_ct_t_9-6-3m_b4_No_Activity,12,19,15,7
rx_phar_cat_humana_pmpm_ct_t_9-6-3m_b4_No_Change,4,9,5,11
rx_overall_gpi_pmpm_ct_t_6-3-0m_b4_Dec_2x-4x,0,2,2,0
rx_overall_gpi_pmpm_ct_t_6-3-0m_b4_Dec_4x-8x,4,8,1,6
rx_overall_gpi_pmpm_ct_t_6-3-0m_b4_Inc_1x-2x,14,12,17,1
rx_overall_gpi_pmpm_ct_t_6-3-0m_b4_Inc_2x-4x,0,0,5,0
rx_overall_gpi_pmpm_ct_t_6-3-0m_b4_Inc_over_8x,0,0,0,0
rx_overall_gpi_pmpm_ct_t_6-3-0m_b4_New,0,0,0,0
rx_overall_gpi_pmpm_ct_t_6-3-0m_b4_No_Activity,1,0,0,0
rx_overall_gpi_pmpm_ct_t_6-3-0m_b4_No_Change,6,8,3,5
rx_overall_gpi_pmpm_ct_t_6-3-0m_b4_Resolved,0,0,1,0
mcc_chf_pmpm_ct_t_9-6-3m_b4_Dec_2x-4x,0,0,0,0
mcc_chf_pmpm_ct_t_9-6-3m_b4_Dec_4x-8x,0,0,0,0
mcc_chf_pmpm_ct_t_9-6-3m_b4_Dec_over_8x,0,0,0,0
mcc_chf_pmpm_ct_t_9-6-3m_b4_Inc_1x-2x,0,0,0,0
mcc_chf_pmpm_ct_t_9-6-3m_b4_Inc_2x-4x,0,0,0,0
mcc_chf_pmpm_ct_t_9-6-3m_b4_Inc_4x-8x,0,0,0,0
mcc_chf_pmpm_ct_t_9-6-3m_b4_Inc_over_8x,0,0,0,0
mcc_chf_pmpm_ct_t_9-6-3m_b4_New,0,0,0,0
mcc_chf_pmpm_ct_t_9-6-3m_b4_No_Activity,27,33,25,31
mcc_chf_pmpm_ct_t_9-6-3m_b4_No_Change,0,0,0,0
mcc_chf_pmpm_ct_t_9-6-3m_b4_Resolved,0,0,0,0
rx_maint_pmpm_cost_t_6-3-0m_b4_Dec_2x-4x,0,0,2,3
rx_maint_pmpm_cost_t_6-3-0m_b4_Dec_4x-8x,0,0,0,0
rx_maint_pmpm_cost_t_6-3-0m_b4_Dec_over_8x,2,12,4,0
rx_maint_pmpm_cost_t_6-3-0m_b4_Inc_1x-2x,8,6,8,10
rx_maint_pmpm_cost_t_6-3-0m_b4_Inc_2x-4x,0,0,0,2
rx_maint_pmpm_cost_t_6-3-0m_b4_New,0,0,3,0
rx_maint_pmpm_cost_t_6-3-0m_b4_No_Activity,0,3,2,0
rx_maint_pmpm_cost_t_6-3-0m_b4_No_Change,0,4,4,0
rx_maint_pmpm_cost_t_6-3-0m_b4_Resolved,0,0,1,0
cons_mobplus_P,0,2,0,1
cons_mobplus_U,0,10,7,7
rx_maint_net_paid_pmpm_cost_t_12-9-6m_b4_Dec_2x-4x,3,4,3,8
rx_maint_net_paid_pmpm_cost_t_12-9-6m_b4_Dec_4x-8x,0,0,0,1
rx_maint_net_paid_pmpm_cost_t_12-9-6m_b4_Dec_over_8x,1,0,0,1
rx_maint_net_paid_pmpm_cost_t_12-9-6m_b4_Inc_1x-2x,6,18,19,20
rx_maint_net_paid_pmpm_cost_t_12-9-6m_b4_Inc_2x-4x,2,0,1,0
rx_maint_net_paid_pmpm_cost_t_12-9-6m_b4_New,12,13,7,8
rx_maint_net_paid_pmpm_cost_t_12-9-6m_b4_No_Activity,7,0,6,3
rx_maint_net_paid_pmpm_cost_t_12-9-6m_b4_No_Change,2,11,2,4
rej_med_outpatient_visit_ct_pmpm_t_6-3-0m_b4_Dec_2x-4x,0,0,0,0
rej_med_outpatient_visit_ct_pmpm_t_6-3-0m_b4_Dec_4x-8x,0,0,0,0
rej_med_outpatient_visit_ct_pmpm_t_6-3-0m_b4_Inc_1x-2x,0,0,0,0
rej_med_outpatient_visit_ct_pmpm_t_6-3-0m_b4_Inc_2x-4x,0,0,0,0
rej_med_outpatient_visit_ct_pmpm_t_6-3-0m_b4_Inc_4x-8x,0,0,0,0
rej_med_outpatient_visit_ct_pmpm_t_6-3-0m_b4_New,2,7,1,0
rej_med_outpatient_visit_ct_pmpm_t_6-3-0m_b4_No_Activity,12,11,22,16
rej_med_outpatient_visit_ct_pmpm_t_6-3-0m_b4_No_Change,0,2,4,0
rej_med_outpatient_visit_ct_pmpm_t_6-3-0m_b4_Resolved,4,0,1,6
med_physician_office_allowed_pmpm_cost_t_9-6-3m_b4_Inc_1x-2x,1,0,2,1
med_physician_office_allowed_pmpm_cost_t_9-6-3m_b4_Inc_2x-4x,0,0,0,0
med_physician_office_allowed_pmpm_cost_t_9-6-3m_b4_Inc_4x-8x,0,8,5,7
med_physician_office_allowed_pmpm_cost_t_9-6-3m_b4_Inc_over_8x,0,0,0,0
med_physician_office_allowed_pmpm_cost_t_9-6-3m_b4_New,0,1,1,0
med_physician_office_allowed_pmpm_cost_t_9-6-3m_b4_No_Activity,10,2,3,3
med_physician_office_allowed_pmpm_cost_t_9-6-3m_b4_No_Change,0,0,2,0
med_physician_office_allowed_pmpm_cost_t_9-6-3m_b4_Resolved,1,0,0,1
total_physician_office_net_paid_pmpm_cost_t_9-6-3m_b4_Inc_1x-2x,0,1,4,3
total_physician_office_net_paid_pmpm_cost_t_9-6-3m_b4_Inc_2x-4x,0,0,0,0
total_physician_office_net_paid_pmpm_cost_t_9-6-3m_b4_Inc_4x-8x,0,2,0,0
total_physician_office_net_paid_pmpm_cost_t_9-6-3m_b4_Inc_over_8x,0,0,0,0
total_physician_office_net_paid_pmpm_cost_t_9-6-3m_b4_New,0,0,3,0
total_physician_office_net_paid_pmpm_cost_t_9-6-3m_b4_No_Activity,3,4,5,1
total_physician_office_net_paid_pmpm_cost_t_9-6-3m_b4_No_Change,0,0,0,4
total_physician_office_net_paid_pmpm_cost_t_9-6-3m_b4_Resolved,0,3,1,0
rx_branded_pmpm_ct_t_6-3-0m_b4_Dec_4x-8x,0,0,0,0
rx_branded_pmpm_ct_t_6-3-0m_b4_Dec_over_8x,0,0,0,0
rx_branded_pmpm_ct_t_6-3-0m_b4_Inc_1x-2x,0,1,0,1
rx_branded_pmpm_ct_t_6-3-0m_b4_No_Activity,7,4,14,7
rx_branded_pmpm_ct_t_6-3-0m_b4_No_Change,3,4,5,2
med_outpatient_deduct_pmpm_cost_t_9-6-3m_b4_No_Activity,0,1,1,0
med_outpatient_deduct_pmpm_cost_t_9-6-3m_b4_No_Change,0,0,0,0
med_outpatient_deduct_pmpm_cost_t_9-6-3m_b4_Resolved,0,6,0,5
total_allowed_pmpm_cost_t_9-6-3m_b4_Dec_2x-4x,4,2,2,4
total_allowed_pmpm_cost_t_9-6-3m_b4_Inc_1x-2x,0,1,0,1
total_allowed_pmpm_cost_t_9-6-3m_b4_Inc_2x-4x,3,6,10,9
total_allowed_pmpm_cost_t_9-6-3m_b4_Inc_4x-8x,1,3,1,0
total_allowed_pmpm_cost_t_9-6-3m_b4_Inc_over_8x,1,0,0,0
total_allowed_pmpm_cost_t_9-6-3m_b4_New,0,4,8,1
total_allowed_pmpm_cost_t_9-6-3m_b4_No_Activity,6,8,2,2
total_allowed_pmpm_cost_t_9-6-3m_b4_No_Change,0,0,0,0
total_allowed_pmpm_cost_t_9-6-3m_b4_Resolved,0,3,6,3
mabh_seg_C2,0,1,1,0
mabh_seg_C4,0,0,0,0
mabh_seg_C5,12,9,15,17
mabh_seg_C6,0,0,0,0
mabh_seg_H1,0,3,1,0
mabh_seg_H2,4,11,9,7
mabh_seg_H3,0,0,0,1
mabh_seg_H4,24,11,11,17
mabh_seg_H5,2,4,0,8
mabh_seg_H6,33,30,32,24
mabh_seg_H7,1,0,0,1
mabh_seg_H8,0,1,0,0
cms_orig_reas_entitle_cd_1.0,55,47,64,41
cms_orig_reas_entitle_cd_2.0,0,0,0,0
cms_orig_reas_entitle_cd_3.0,0,0,0,0
oontwk_mbr_resp_pmpm_cost_t_6-3-0m_b4_Dec_4x-8x,0,0,0,0
oontwk_mbr_resp_pmpm_cost_t_6-3-0m_b4_Inc_2x-4x,0,0,0,0
oontwk_mbr_resp_pmpm_cost_t_6-3-0m_b4_New,3,0,2,0
oontwk_mbr_resp_pmpm_cost_t_6-3-0m_b4_No_Activity,2,3,5,2
oontwk_mbr_resp_pmpm_cost_t_6-3-0m_b4_No_Change,0,0,1,0
oontwk_mbr_resp_pmpm_cost_t_6-3-0m_b4_Resolved,0,0,0,0
hum_region_CENTRAL,1,6,4,5
hum_region_CENTRAL_WEST,0,1,1,0
hum_region_EAST,0,0,2,5
hum_region_EAST_CENTRAL,66,53,68,61
hum_region_FLORIDA,20,24,15,21
hum_region_GREAT_LAKES/CENTRAL_NORTH,14,14,16,11
hum_region_GULF_STATES,6,0,1,0
hum_region_INTERMOUNTAIN,2,0,0,0
hum_region_MID-SOUTH,61,66,70,66
hum_region_NORTHEAST,0,0,1,0
hum_region_PACIFIC,0,0,0,0
hum_region_PR,0,0,0,0
hum_region_TEXAS,1,4,1,4
rx_nonmail_dist_gpi6_pmpm_ct_t_9-6-3m_b4_Dec_2x-4x,0,7,2,6
rx_nonmail_dist_gpi6_pmpm_ct_t_9-6-3m_b4_Dec_4x-8x,0,0,0,0
rx_nonmail_dist_gpi6_pmpm_ct_t_9-6-3m_b4_Inc_1x-2x,3,1,3,0
rx_nonmail_dist_gpi6_pmpm_ct_t_9-6-3m_b4_Inc_2x-4x,0,0,0,0
rx_nonmail_dist_gpi6_pmpm_ct_t_9-6-3m_b4_Inc_4x-8x,0,0,0,0
rx_nonmail_dist_gpi6_pmpm_ct_t_9-6-3m_b4_New,1,1,2,1
rx_nonmail_dist_gpi6_pmpm_ct_t_9-6-3m_b4_No_Activity,8,3,7,5
rx_nonmail_dist_gpi6_pmpm_ct_t_9-6-3m_b4_No_Change,8,1,1,0
rx_nonmail_dist_gpi6_pmpm_ct_t_9-6-3m_b4_Resolved,0,3,0,2
med_outpatient_mbr_resp_pmpm_cost_t_9-6-3m_b4_Dec_2x-4x,0,0,0,5
med_outpatient_mbr_resp_pmpm_cost_t_9-6-3m_b4_Dec_4x-8x,0,4,0,2
med_outpatient_mbr_resp_pmpm_cost_t_9-6-3m_b4_Dec_over_8x,0,0,0,0
med_outpatient_mbr_resp_pmpm_cost_t_9-6-3m_b4_Inc_1x-2x,0,0,0,0
med_outpatient_mbr_resp_pmpm_cost_t_9-6-3m_b4_Inc_2x-4x,0,0,0,0
med_outpatient_mbr_resp_pmpm_cost_t_9-6-3m_b4_Inc_4x-8x,0,0,0,0
med_outpatient_mbr_resp_pmpm_cost_t_9-6-3m_b4_Inc_over_8x,0,0,0,0
med_outpatient_mbr_resp_pmpm_cost_t_9-6-3m_b4_New,0,1,1,0
med_outpatient_mbr_resp_pmpm_cost_t_9-6-3m_b4_No_Activity,15,16,30,13
med_outpatient_mbr_resp_pmpm_cost_t_9-6-3m_b4_No_Change,0,0,0,0
med_outpatient_mbr_resp_pmpm_cost_t_9-6-3m_b4_Resolved,3,2,2,1
rx_nonbh_net_paid_pmpm_cost_t_6-3-0m_b4_Dec_2x-4x,1,2,6,1
rx_nonbh_net_paid_pmpm_cost_t_6-3-0m_b4_Dec_over_8x,11,0,0,6
rx_nonbh_net_paid_pmpm_cost_t_6-3-0m_b4_Inc_1x-2x,1,6,10,5
rx_nonbh_net_paid_pmpm_cost_t_6-3-0m_b4_Inc_2x-4x,1,0,2,0
rx_nonbh_net_paid_pmpm_cost_t_6-3-0m_b4_Inc_4x-8x,0,0,0,6
rx_nonbh_net_paid_pmpm_cost_t_6-3-0m_b4_Inc_over_8x,1,0,0,0
rx_nonbh_net_paid_pmpm_cost_t_6-3-0m_b4_New,7,5,0,3
rx_nonbh_net_paid_pmpm_cost_t_6-3-0m_b4_No_Activity,1,0,4,2
rx_nonbh_net_paid_pmpm_cost_t_6-3-0m_b4_No_Change,0,2,3,6
rx_nonbh_net_paid_pmpm_cost_t_6-3-0m_b4_Resolved,0,0,3,0
rx_gpi2_39_pmpm_cost_t_6-3-0m_b4_Dec_2x-4x,6,0,0,7
rx_gpi2_39_pmpm_cost_t_6-3-0m_b4_Inc_1x-2x,3,2,3,3
rx_gpi2_39_pmpm_cost_t_6-3-0m_b4_Inc_2x-4x,0,0,0,0
rx_gpi2_39_pmpm_cost_t_6-3-0m_b4_New,9,10,9,15
rx_gpi2_39_pmpm_cost_t_6-3-0m_b4_No_Activity,36,14,13,16
rx_gpi2_39_pmpm_cost_t_6-3-0m_b4_No_Change,19,12,12,6
atlas_type_2015_update_2.0,5,4,13,7
atlas_type_2015_update_3.0,4,3,2,2
atlas_type_2015_update_4.0,0,2,0,0
atlas_type_2015_update_5.0,0,0,1,0
rx_maint_pmpm_ct_t_6-3-0m_b4_Dec_4x-8x,4,7,0,0
rx_maint_pmpm_ct_t_6-3-0m_b4_Dec_over_8x,0,0,0,0
rx_maint_pmpm_ct_t_6-3-0m_b4_Inc_1x-2x,4,16,17,2
rx_maint_pmpm_ct_t_6-3-0m_b4_New,0,0,0,0
rx_maint_pmpm_ct_t_6-3-0m_b4_No_Activity,1,4,0,4
rx_maint_pmpm_ct_t_6-3-0m_b4_No_Change,6,8,2,9
rx_maint_pmpm_ct_t_6-3-0m_b4_Resolved,0,0,0,0
rx_mail_net_paid_pmpm_cost_t_6-3-0m_b4_Dec_2x-4x,0,0,0,0
rx_mail_net_paid_pmpm_cost_t_6-3-0m_b4_Dec_over_8x,1,0,2,0
rx_mail_net_paid_pmpm_cost_t_6-3-0m_b4_Inc_1x-2x,5,1,5,7
rx_mail_net_paid_pmpm_cost_t_6-3-0m_b4_Inc_2x-4x,2,4,6,8
rx_mail_net_paid_pmpm_cost_t_6-3-0m_b4_Inc_over_8x,4,0,1,0
rx_mail_net_paid_pmpm_cost_t_6-3-0m_b4_New,5,1,0,7
rx_mail_net_paid_pmpm_cost_t_6-3-0m_b4_No_Activity,58,55,46,48
rx_mail_net_paid_pmpm_cost_t_6-3-0m_b4_No_Change,2,3,2,1
rx_mail_net_paid_pmpm_cost_t_6-3-0m_b4_Resolved,0,0,1,0
total_physician_office_mbr_resp_pmpm_cost_t_9-6-3m_b4_Dec_2x-4x,2,0,0,1
total_physician_office_mbr_resp_pmpm_cost_t_9-6-3m_b4_Dec_4x-8x,1,0,0,4
total_physician_office_mbr_resp_pmpm_cost_t_9-6-3m_b4_Dec_over_8x,0,0,0,3
total_physician_office_mbr_resp_pmpm_cost_t_9-6-3m_b4_Inc_1x-2x,0,0,0,0
total_physician_office_mbr_resp_pmpm_cost_t_9-6-3m_b4_Inc_2x-4x,0,0,0,1
total_physician_office_mbr_resp_pmpm_cost_t_9-6-3m_b4_Inc_4x-8x,0,0,0,0
total_physician_office_mbr_resp_pmpm_cost_t_9-6-3m_b4_Inc_over_8x,0,0,0,0
total_physician_office_mbr_resp_pmpm_cost_t_9-6-3m_b4_New,0,0,0,4
total_physician_office_mbr_resp_pmpm_cost_t_9-6-3m_b4_No_Activity,3,3,3,4
total_physician_office_mbr_resp_pmpm_cost_t_9-6-3m_b4_No_Change,1,0,1,1
total_physician_office_mbr_resp_pmpm_cost_t_9-6-3m_b4_Resolved,2,5,1,15
rx_mail_mbr_resp_pmpm_cost_t_9-6-3m_b4_Dec_2x-4x,2,1,3,11
rx_mail_mbr_resp_pmpm_cost_t_9-6-3m_b4_Dec_4x-8x,0,0,0,0
rx_mail_mbr_resp_pmpm_cost_t_9-6-3m_b4_Dec_over_8x,9,0,0,1
rx_mail_mbr_resp_pmpm_cost_t_9-6-3m_b4_Inc_1x-2x,5,0,2,2
rx_mail_mbr_resp_pmpm_cost_t_9-6-3m_b4_Inc_2x-4x,0,0,1,0
rx_mail_mbr_resp_pmpm_cost_t_9-6-3m_b4_Inc_4x-8x,1,1,0,0
rx_mail_mbr_resp_pmpm_cost_t_9-6-3m_b4_Inc_over_8x,0,0,0,0
rx_mail_mbr_resp_pmpm_cost_t_9-6-3m_b4_New,0,3,3,3
rx_mail_mbr_resp_pmpm_cost_t_9-6-3m_b4_No_Activity,21,14,11,19
rx_mail_mbr_resp_pmpm_cost_t_9-6-3m_b4_No_Change,3,0,0,2
rx_mail_mbr_resp_pmpm_cost_t_9-6-3m_b4_Resolved,10,5,2,9
med_outpatient_visit_ct_pmpm_t_12-9-6m_b4_Inc_1x-2x,4,0,0,0
med_outpatient_visit_ct_pmpm_t_12-9-6m_b4_Inc_2x-4x,1,0,2,0
med_outpatient_visit_ct_pmpm_t_12-9-6m_b4_Inc_4x-8x,0,0,1,0
med_outpatient_visit_ct_pmpm_t_12-9-6m_b4_New,1,4,6,2
med_outpatient_visit_ct_pmpm_t_12-9-6m_b4_No_Activity,9,14,3,11
med_outpatient_visit_ct_pmpm_t_12-9-6m_b4_No_Change,1,5,2,8
med_outpatient_visit_ct_pmpm_t_12-9-6m_b4_Resolved,15,7,1,7
rx_nonbh_pmpm_ct_t_9-6-3m_b4_Dec_2x-4x,0,0,3,0
rx_nonbh_pmpm_ct_t_9-6-3m_b4_Inc_1x-2x,10,10,9,10
rx_nonbh_pmpm_ct_t_9-6-3m_b4_New,0,0,0,0
rx_nonbh_pmpm_ct_t_9-6-3m_b4_No_Activity,0,0,1,1
rx_nonbh_pmpm_ct_t_9-6-3m_b4_No_Change,8,6,3,2
rx_nonbh_pmpm_ct_t_9-6-3m_b4_Resolved,2,0,1,4
total_med_net_paid_pmpm_cost_t_6-3-0m_b4_Dec_2x-4x,0,0,1,0
total_med_net_paid_pmpm_cost_t_6-3-0m_b4_Dec_4x-8x,0,0,0,0
total_med_net_paid_pmpm_cost_t_6-3-0m_b4_Dec_over_8x,0,0,0,0
total_med_net_paid_pmpm_cost_t_6-3-0m_b4_Inc_1x-2x,1,0,2,1
total_med_net_paid_pmpm_cost_t_6-3-0m_b4_Inc_2x-4x,3,3,12,6
total_med_net_paid_pmpm_cost_t_6-3-0m_b4_Inc_over_8x,4,0,3,1
total_med_net_paid_pmpm_cost_t_6-3-0m_b4_New,1,0,3,0
total_med_net_paid_pmpm_cost_t_6-3-0m_b4_No_Activity,5,6,1,1
total_med_net_paid_pmpm_cost_t_6-3-0m_b4_No_Change,0,0,0,0
total_med_net_paid_pmpm_cost_t_6-3-0m_b4_Resolved,3,0,2,0
rx_gpi2_62_pmpm_cost_t_9-6-3m_b4_Dec_2x-4x,0,0,0,0
rx_gpi2_62_pmpm_cost_t_9-6-3m_b4_Inc_1x-2x,0,0,0,0
rx_gpi2_62_pmpm_cost_t_9-6-3m_b4_Inc_2x-4x,0,0,0,0
rx_gpi2_62_pmpm_cost_t_9-6-3m_b4_Inc_4x-8x,0,0,0,0
rx_gpi2_62_pmpm_cost_t_9-6-3m_b4_Inc_over_8x,0,0,0,0
rx_gpi2_62_pmpm_cost_t_9-6-3m_b4_New,0,0,0,1
rx_gpi2_62_pmpm_cost_t_9-6-3m_b4_No_Activity,0,3,0,2
rx_gpi2_62_pmpm_cost_t_9-6-3m_b4_No_Change,0,1,0,0
rx_gpi2_62_pmpm_cost_t_9-6-3m_b4_Resolved,0,0,10,0
lang_spoken_cd_CRE,0,0,0,0
lang_spoken_cd_ENG,22,27,17,11
lang_spoken_cd_KOR,0,0,0,0
lang_spoken_cd_OTH,0,0,0,0
lang_spoken_cd_SPA,1,10,6,10
rx_overall_gpi_pmpm_ct_t_12-9-6m_b4_Dec_2x-4x,0,1,0,1
rx_overall_gpi_pmpm_ct_t_12-9-6m_b4_Dec_4x-8x,0,0,0,0
rx_overall_gpi_pmpm_ct_t_12-9-6m_b4_Inc_1x-2x,3,2,9,3
rx_overall_gpi_pmpm_ct_t_12-9-6m_b4_Inc_2x-4x,4,14,7,3
rx_overall_gpi_pmpm_ct_t_12-9-6m_b4_New,1,3,2,4
rx_overall_gpi_pmpm_ct_t_12-9-6m_b4_No_Activity,7,6,7,2
rx_overall_gpi_pmpm_ct_t_12-9-6m_b4_No_Change,4,5,2,1
rx_overall_gpi_pmpm_ct_t_12-9-6m_b4_Resolved,0,0,0,0
cons_hhcomp_B,45,41,47,49
cons_hhcomp_C,4,2,1,5
cons_hhcomp_E,0,0,0,7
cons_hhcomp_F,0,1,0,0
cons_hhcomp_G,15,7,5,4
cons_hhcomp_I,0,9,5,0
cons_hhcomp_J,5,2,1,1
cons_hhcomp_K,1,0,0,0
cons_hhcomp_L,11,13,18,15
cons_hhcomp_U,0,2,0,0
rx_nonmaint_dist_gpi6_pmpm_ct_t_12-9-6m_b4_Dec_2x-4x,0,0,1,0
rx_nonmaint_dist_gpi6_pmpm_ct_t_12-9-6m_b4_Dec_4x-8x,0,0,0,0
rx_nonmaint_dist_gpi6_pmpm_ct_t_12-9-6m_b4_Inc_1x-2x,0,0,0,0
rx_nonmaint_dist_gpi6_pmpm_ct_t_12-9-6m_b4_Inc_2x-4x,0,0,0,0
rx_nonmaint_dist_gpi6_pmpm_ct_t_12-9-6m_b4_Inc_4x-8x,0,0,0,0
rx_nonmaint_dist_gpi6_pmpm_ct_t_12-9-6m_b4_New,2,3,5,3
rx_nonmaint_dist_gpi6_pmpm_ct_t_12-9-6m_b4_No_Activity,8,8,4,8
rx_nonmaint_dist_gpi6_pmpm_ct_t_12-9-6m_b4_No_Change,1,1,4,3
rx_nonmaint_dist_gpi6_pmpm_ct_t_12-9-6m_b4_Resolved,2,7,5,2
rx_nonotc_pmpm_cost_t_6-3-0m_b4_Dec_2x-4x,4,1,2,0
rx_nonotc_pmpm_cost_t_6-3-0m_b4_Dec_over_8x,1,1,11,0
rx_nonotc_pmpm_cost_t_6-3-0m_b4_Inc_1x-2x,5,9,8,8
rx_nonotc_pmpm_cost_t_6-3-0m_b4_Inc_2x-4x,2,3,1,0
rx_nonotc_pmpm_cost_t_6-3-0m_b4_Inc_4x-8x,0,0,0,1
rx_nonotc_pmpm_cost_t_6-3-0m_b4_New,0,2,0,0
rx_nonotc_pmpm_cost_t_6-3-0m_b4_No_Activity,0,0,2,1
rx_nonotc_pmpm_cost_t_6-3-0m_b4_No_Change,2,8,10,3
rx_nonotc_pmpm_cost_t_6-3-0m_b4_Resolved,0,0,0,0
med_ambulance_coins_pmpm_cost_t_9-6-3m_b4_No_Activity,0,0,0,0
med_ambulance_coins_pmpm_cost_t_9-6-3m_b4_No_Change,0,0,0,0
med_ambulance_coins_pmpm_cost_t_9-6-3m_b4_Resolved,0,0,0,0
rx_maint_net_paid_pmpm_cost_t_9-6-3m_b4_Dec_2x-4x,0,0,2,0
rx_maint_net_paid_pmpm_cost_t_9-6-3m_b4_Inc_1x-2x,6,6,0,6
rx_maint_net_paid_pmpm_cost_t_9-6-3m_b4_Inc_2x-4x,1,0,1,1
rx_maint_net_paid_pmpm_cost_t_9-6-3m_b4_Inc_4x-8x,0,0,1,1
rx_maint_net_paid_pmpm_cost_t_9-6-3m_b4_New,2,0,0,0
rx_maint_net_paid_pmpm_cost_t_9-6-3m_b4_No_Activity,6,2,2,1
rx_maint_net_paid_pmpm_cost_t_9-6-3m_b4_No_Change,13,6,20,8
rx_maint_net_paid_pmpm_cost_t_9-6-3m_b4_Resolved,2,0,0,0
rx_phar_cat_cvs_pmpm_ct_t_9-6-3m_b4_Dec_2x-4x,1,4,2,0
rx_phar_cat_cvs_pmpm_ct_t_9-6-3m_b4_Inc_1x-2x,0,1,0,1
rx_phar_cat_cvs_pmpm_ct_t_9-6-3m_b4_New,2,0,0,0
rx_phar_cat_cvs_pmpm_ct_t_9-6-3m_b4_No_Activity,65,52,46,47
rx_phar_cat_cvs_pmpm_ct_t_9-6-3m_b4_Resolved,1,1,0,0
total_physician_office_visit_ct_pmpm_t_6-3-0m_b4_Dec_2x-4x,0,0,1,0
total_physician_office_visit_ct_pmpm_t_6-3-0m_b4_Dec_4x-8x,0,0,0,0
total_physician_office_visit_ct_pmpm_t_6-3-0m_b4_Inc_1x-2x,4,2,5,2
total_physician_office_visit_ct_pmpm_t_6-3-0m_b4_New,2,2,2,1
total_physician_office_visit_ct_pmpm_t_6-3-0m_b4_No_Activity,10,4,2,3
total_physician_office_visit_ct_pmpm_t_6-3-0m_b4_No_Change,2,2,1,1
total_physician_office_visit_ct_pmpm_t_6-3-0m_b4_Resolved,1,1,0,1
rx_generic_dist_gpi6_pmpm_ct_t_9-6-3m_b4_Dec_2x-4x,1,0,0,0
rx_generic_dist_gpi6_pmpm_ct_t_9-6-3m_b4_Dec_4x-8x,10,4,6,1
rx_generic_dist_gpi6_pmpm_ct_t_9-6-3m_b4_Inc_1x-2x,7,4,2,4
rx_generic_dist_gpi6_pmpm_ct_t_9-6-3m_b4_Inc_2x-4x,0,0,0,2
rx_generic_dist_gpi6_pmpm_ct_t_9-6-3m_b4_New,1,0,0,0
rx_generic_dist_gpi6_pmpm_ct_t_9-6-3m_b4_No_Activity,2,1,4,1
rx_generic_dist_gpi6_pmpm_ct_t_9-6-3m_b4_No_Change,6,9,2,8
rx_generic_dist_gpi6_pmpm_ct_t_9-6-3m_b4_Resolved,0,1,0,2
