,para
rx_gpi2_72_pmpm_cost_6to9m_b4,-0.10129568
atlas_pct_laccess_child15,0.0034217497
atlas_recfacpth14,0.0010639924
atlas_pct_fmrkt_frveg16,-0.007605494
atlas_pct_free_lunch14,0.0024578217
bh_ncal_pmpm_ct,-0.017481068
cons_chmi,0.029968912
rx_gpi4_6110_pmpm_ct,0.064346954
atlas_pc_snapben15,0.009865077
credit_bal_nonmtgcredit_60dpd,0.005628868
rx_bh_mbr_resp_pmpm_cost_9to12m_b4,0.027961018
atlas_pct_laccess_nhna15,-0.0034245935
credit_hh_nonmtgcredit_60dpd,0.04372347
rx_bh_pmpm_ct_0to3m_b4,-0.0822062
cons_lwcm10,0.010267326
atlas_fsrpth14,0.0026583879
auth_3mth_dc_home,0.03380426
atlas_wicspth12,-0.024074715
cmsd2_sns_digest_abdomen_pmpm_ct,0.01882716
atlas_ghveg_farms12,0.020967621
credit_hh_bankcardcredit_60dpd,0.018494863
total_outpatient_allowed_pmpm_cost_6to9m_b4,-0.05569898
cons_cwht,-0.007297642
atlas_netmigrationrate1016,0.025678778
atlas_pct_laccess_snap15,0.0028827612
rx_nonmaint_mbr_resp_pmpm_cost_9to12m_b4,-0.03025518
atlas_naturalchangerate1016,-0.010290683
ccsp_236_pct,0.050501417
atlas_pct_laccess_hisp15,0.011602846
rx_overall_mbr_resp_pmpm_cost,-0.009369558
rx_overall_gpi_pmpm_ct_0to3m_b4,0.0102107255
auth_3mth_dc_snf,-0.06667259
atlas_pct_laccess_hhnv15,-0.02422244
auth_3mth_psychic,0.014631846
auth_3mth_bh_acute,0.048175782
credit_bal_consumerfinance,0.046605054
rwjf_uninsured_pct,0.03498777
rx_mail_mbr_resp_pmpm_cost_0to3m_b4,-0.025849199
atlas_pct_wic15,-0.02239863
ccsp_193_pct,0.02199402
auth_3mth_dc_hospice,0.020711502
atlas_pct_fmrkt_baked16,0.018463982
rx_nonmaint_mbr_resp_pmpm_cost,-0.036871023
atlas_veg_farms12,-0.008982433
atlas_vlfoodsec_13_15,-0.07950156
rx_gpi2_34_dist_gpi6_pmpm_ct,0.0301367
bh_ip_snf_net_paid_pmpm_cost,-0.060008936
credit_hh_bankcard_severederog,0.031668864
rx_hum_16_pmpm_ct,-0.032833986
est_age,-0.21724875
cnt_cp_webstatement_pmpm_ct,-0.053627297
atlas_pct_laccess_seniors15,-0.00084935996
phy_em_px_pct,0.009255267
atlas_percapitainc,-0.00031579364
rwjf_uninsured_adults_pct,0.040921073
rx_generic_mbr_resp_pmpm_cost_0to3m_b4,0.014966625
rwjf_air_pollute_density,-0.01375876
rx_gpi2_02_pmpm_cost,-0.016883379
atlas_recfac14,0.0564082
lab_albumin_loinc_pmpm_ct,0.062300634
atlas_pct_obese_adults13,-0.038220923
rev_pm_obsrm_pmpm_ct,0.05038224
atlas_pct_sfsp15,-0.025604973
total_physician_office_net_paid_pmpm_cost_9to12m_b4,0.00026308256
atlas_pc_dirsales12,0.016617035
cms_tot_partd_payment_amt,0.09405008
rx_nonotc_dist_gpi6_pmpm_ct,-0.024303608
rx_nonmaint_pmpm_ct,0.017035061
rx_nonbh_mbr_resp_pmpm_cost_6to9m_b4,0.0034264077
rx_nonbh_mbr_resp_pmpm_cost,-0.015713254
atlas_redemp_snaps16,0.018394165
atlas_berry_farms12,0.01911727
rwjf_inactivity_pct,0.026587715
rx_gpi2_72_pmpm_ct_6to9m_b4,0.008937242
cons_n2pmr,0.029578485
auth_3mth_acute_res,0.03830394
rev_cms_ct_pmpm_ct,0.027585743
total_physician_office_copay_pmpm_cost,-0.0024406444
credit_num_agencyfirstmtg,-0.013001572
atlas_agritrsm_rct12,0.053401675
rx_days_since_last_script,0.053872958
atlas_pct_laccess_pop15,-0.01677317
rx_gpi2_01_pmpm_cost_0to3m_b4,0.01262051
atlas_povertyallagespct,-0.014890908
rwjf_uninsured_child_pct,0.05209527
credit_bal_mtgcredit_new,-0.027989902
atlas_pct_diabetes_adults13,0.026551045
atlas_pct_laccess_nhasian15,-0.025458556
atlas_deep_pov_all,-0.019459123
atlas_deep_pov_children,-0.017734524
bh_ncdm_pct,-0.0342628
auth_3mth_non_er,0.06507245
atlas_foodinsec_child_03_11,-0.021631137
rx_branded_mbr_resp_pmpm_cost,-0.0058826073
atlas_pc_wic_redemp12,-0.027515184
rwjf_mv_deaths_rate,0.022804506
atlas_pct_reduced_lunch14,0.003779
cons_nwperadult,-0.038510956
rx_hum_28_pmpm_cost,-0.022238374
atlas_totalocchu,0.003231649
med_physician_office_ds_clm_6to9m_b4,0.013823978
atlas_pct_loclfarm12,-0.02028904
rx_generic_mbr_resp_pmpm_cost,0.0063842577
total_outpatient_mbr_resp_pmpm_cost_6to9m_b4,0.03829926
rx_gpi4_3400_pmpm_ct,-0.025732493
lab_dist_loinc_pmpm_ct,0.017873438
atlas_pct_nslp15,0.08142785
rx_generic_pmpm_ct_0to3m_b4,0.01720455
atlas_pct_laccess_lowi15,0.021354517
atlas_pct_fmrkt_sfmnp16,-0.016490916
atlas_pct_loclsale12,0.0028368453
credit_bal_autobank,0.020151364
rx_overall_mbr_resp_pmpm_cost_0to3m_b4,0.0019814929
rx_tier_2_pmpm_ct_3to6m_b4,-0.025129884
rx_nonbh_net_paid_pmpm_cost,0.0005368682
rx_maint_pmpm_ct_9to12m_b4,-0.036405545
cms_risk_adjustment_factor_a_amt,0.07101339
rx_generic_pmpm_cost,-0.06229982
cmsd2_eye_retina_pmpm_ct,-0.031177439
auth_3mth_post_acute,-0.07775324
auth_3mth_facility,-0.06455007
rx_days_since_last_script_0to3m_b4,-0.0073254257
auth_3mth_acute_mean_los,-7.4900076e-05
credit_num_autofinance,-0.012918896
auth_3mth_home,0.052941248
rx_maint_mbr_resp_pmpm_cost_6to9m_b4,0.009042382
atlas_pct_laccess_black15,-0.031402186
atlas_hh65plusalonepct,0.00019123487
rej_days_since_last_clm,0.028198266
bh_outpatient_net_paid_pmpm_cost,0.015190807
atlas_dirsales_farms12,0.0002477964
rx_generic_pmpm_cost_6to9m_b4,-0.023658833
rev_cms_ansth_pmpm_ct,0.005777966
atlas_convspth14,-0.0006860175
total_med_allowed_pmpm_cost_9to12m_b4,-0.032978408
auth_3mth_acute,0.0188066
rx_nonbh_pmpm_ct_0to3m_b4,-0.039637126
atlas_pc_ffrsales12,0.019632407
auth_3mth_dc_left_ama,0.06442676
credit_bal_bankcard_severederog,-0.024118092
atlas_povertyunder18pct,-0.0031847963
rx_tier_1_pmpm_ct_0to3m_b4,-0.056906648
cons_estinv30_rc,-0.063398145
auth_3mth_bh_acute_men,0.065872215
rx_gpi2_34_pmpm_ct,0.000109047614
auth_3mth_dc_custodial,-0.034076072
atlas_veg_acrespth12,-0.05669479
atlas_grocpth14,0.016083492
rx_gpi2_90_dist_gpi6_pmpm_ct_9to12m_b4,-0.020119458
atlas_csa12,-0.005134609
atlas_pct_fmrkt_snap16,-0.0073093628
met_obe_diag_pct,0.03297357
cms_partd_ra_factor_amt,0.013979572
atlas_pct_sbp15,-0.00015497157
rwjf_resident_seg_black_inx,0.027639497
atlas_pct_cacfp15,0.0099766
pdc_lip,0.03422292
atlas_ffrpth14,0.0027164726
rx_tier_2_pmpm_ct,-0.026515888
cons_n2pwh,0.0395779
atlas_pc_fsrsales12,-0.008624681
credit_hh_1stmtgcredit,-0.004596576
auth_3mth_snf_post_hsp,-0.061650947
atlas_pct_fmrkt_wiccash16,0.023174725
atlas_foodinsec_13_15,-0.10802463
atlas_fmrktpth16,0.02342731
cci_dia_m_pmpm_ct,0.050552376
cons_n2phi,0.028517216
bh_physician_office_copay_pmpm_cost_6to9m_b4,0.049938932
rwjf_income_inequ_ratio,-0.023786182
rej_total_physician_office_visit_ct_pmpm_0to3m_b4,-0.005422648
credit_num_nonmtgcredit_60dpd,0.016500471
credit_bal_autofinance_new,-0.017390974
rwjf_men_hlth_prov_ratio,0.012044173
auth_3mth_dc_home_health,0.016432973
rx_gpi2_56_dist_gpi6_pmpm_ct_3to6m_b4,-0.025729518
cmsd2_sns_genitourinary_pmpm_ct,0.0059252805
bh_ncal_pct,-0.04219786
atlas_pct_snap16,0.021285895
ccsp_227_pct,0.04570885
atlas_ghveg_sqftpth12,-0.015854632
rx_days_since_last_script_6to9m_b4,-0.034358528
atlas_orchard_acrespth12,0.01000343
atlas_pct_laccess_multir15,-0.0010992289
atlas_medhhinc,0.011990899
rwjf_mental_distress_pct,0.03037229
atlas_pct_laccess_nhpi15,-0.065355726
auth_3mth_post_er,-0.0029347157
credit_num_consumerfinance_new,-0.006671456
rx_gpi2_49_pmpm_cost_0to3m_b4,-0.07532242
cons_chva,-0.027615512
atlas_avghhsize,0.018046178
rx_overall_net_paid_pmpm_cost_6to9m_b4,0.01702276
atlas_ownhomepct,-0.0017330463
atlas_orchard_farms12,0.07394985
atlas_pct_fmrkt_wic16,0.010870528
rx_gpi2_33_pmpm_ct_0to3m_b4,0.01784293
rwjf_social_associate_rate,0.017505066
atlas_freshveg_farms12,-0.009269974
days_since_last_clm_0to3m_b4,0.0033083747
auth_3mth_bh_acute_mean_los,0.024961118
mcc_end_pct,0.0095829535
cons_lwcm07,0.028171144
atlas_pct_laccess_white15,0.02503567
rx_gpi2_66_pmpm_ct,0.022736708
cons_ltmedicr,-0.002834485
cons_hxmioc,-0.06291346
cons_stlnindx,-0.053845014
atlas_foodhub16,0.08619805
cons_rxmaint,-0.020307817
cons_hxwearbl,0.00012904003
cons_rxadhs,-0.025850613
cons_rxadhm,0.076325424
cons_cgqs,-0.044881538
total_bh_copay_pmpm_cost_t_9-6-3m_b4_Dec_2x-4x,0.1600403
total_bh_copay_pmpm_cost_t_9-6-3m_b4_New,0.025718478
total_bh_copay_pmpm_cost_t_9-6-3m_b4_No Activity,0.009954754
total_bh_copay_pmpm_cost_t_9-6-3m_b4_No_Change,0.030986652
total_bh_copay_pmpm_cost_t_9-6-3m_b4_Resolved,0.06278737
mcc_ano_pmpm_ct_t_9-6-3m_b4_New,0.041313592
mcc_ano_pmpm_ct_t_9-6-3m_b4_No Activity,-0.018416751
mcc_ano_pmpm_ct_t_9-6-3m_b4_Resolved,0.17670085
rx_maint_pmpm_cost_t_12-9-6m_b4_Dec_2x-4x,-0.029000234
rx_maint_pmpm_cost_t_12-9-6m_b4_Dec_4x-8x,-0.027667522
rx_maint_pmpm_cost_t_12-9-6m_b4_Dec_over_8x,-0.07672037
rx_maint_pmpm_cost_t_12-9-6m_b4_Inc_1x-2x,0.0063993954
rx_maint_pmpm_cost_t_12-9-6m_b4_Inc_2x-4x,0.034277845
rx_maint_pmpm_cost_t_12-9-6m_b4_New,-0.02045928
rx_maint_pmpm_cost_t_12-9-6m_b4_No Activity,0.015380306
rx_maint_pmpm_cost_t_12-9-6m_b4_No_Change,0.02479856
rx_maint_pmpm_cost_t_12-9-6m_b4_Resolved,-0.041000415
rx_nonbh_pmpm_cost_t_9-6-3m_b4_Dec_2x-4x,0.015242897
rx_nonbh_pmpm_cost_t_9-6-3m_b4_Dec_4x-8x,0.00834987
rx_nonbh_pmpm_cost_t_9-6-3m_b4_Dec_over_8x,0.023930065
rx_nonbh_pmpm_cost_t_9-6-3m_b4_Inc_1x-2x,-0.01524356
rx_nonbh_pmpm_cost_t_9-6-3m_b4_Inc_2x-4x,-0.024527691
rx_nonbh_pmpm_cost_t_9-6-3m_b4_Inc_4x-8x,-0.025187327
rx_nonbh_pmpm_cost_t_9-6-3m_b4_New,0.017332073
rx_nonbh_pmpm_cost_t_9-6-3m_b4_No Activity,0.019507425
rx_nonbh_pmpm_cost_t_9-6-3m_b4_No_Change,0.031155685
rx_nonbh_pmpm_cost_t_9-6-3m_b4_Resolved,0.009924803
rx_gpi2_17_pmpm_cost_t_12-9-6m_b4_Dec_2x-4x,-0.3095931
rx_gpi2_17_pmpm_cost_t_12-9-6m_b4_Inc_1x-2x,-0.20994385
rx_gpi2_17_pmpm_cost_t_12-9-6m_b4_Inc_2x-4x,-0.3333721
rx_gpi2_17_pmpm_cost_t_12-9-6m_b4_Inc_4x-8x,-0.2896083
rx_gpi2_17_pmpm_cost_t_12-9-6m_b4_New,-0.1876002
rx_gpi2_17_pmpm_cost_t_12-9-6m_b4_No Activity,0.063487224
rx_gpi2_17_pmpm_cost_t_12-9-6m_b4_No_Change,-0.21738555
rx_gpi2_17_pmpm_cost_t_12-9-6m_b4_Resolved,-0.2214247
rx_generic_pmpm_cost_t_6-3-0m_b4_Dec_2x-4x,-0.0035747078
rx_generic_pmpm_cost_t_6-3-0m_b4_Dec_over_8x,0.0019527479
rx_generic_pmpm_cost_t_6-3-0m_b4_Inc_1x-2x,-0.008603888
rx_generic_pmpm_cost_t_6-3-0m_b4_Inc_2x-4x,-0.014185604
rx_generic_pmpm_cost_t_6-3-0m_b4_New,-0.013116456
rx_generic_pmpm_cost_t_6-3-0m_b4_No Activity,0.0024878874
rx_generic_pmpm_cost_t_6-3-0m_b4_No_Change,-0.0030500852
rx_generic_pmpm_cost_t_6-3-0m_b4_Resolved,0.062031694
rx_overall_mbr_resp_pmpm_cost_t_6-3-0m_b4_Dec_2x-4x,0.044309773
rx_overall_mbr_resp_pmpm_cost_t_6-3-0m_b4_Dec_4x-8x,0.0060760225
rx_overall_mbr_resp_pmpm_cost_t_6-3-0m_b4_Dec_over_8x,-0.00491437
rx_overall_mbr_resp_pmpm_cost_t_6-3-0m_b4_Inc_1x-2x,0.06164051
rx_overall_mbr_resp_pmpm_cost_t_6-3-0m_b4_Inc_2x-4x,0.080386475
rx_overall_mbr_resp_pmpm_cost_t_6-3-0m_b4_Inc_4x-8x,0.06459755
rx_overall_mbr_resp_pmpm_cost_t_6-3-0m_b4_Inc_over_8x,0.08120048
rx_overall_mbr_resp_pmpm_cost_t_6-3-0m_b4_New,0.0222459
rx_overall_mbr_resp_pmpm_cost_t_6-3-0m_b4_No Activity,-0.121839784
rx_overall_mbr_resp_pmpm_cost_t_6-3-0m_b4_No_Change,0.041518312
rx_overall_mbr_resp_pmpm_cost_t_6-3-0m_b4_Resolved,-0.059880048
rx_overall_dist_gpi6_pmpm_ct_t_6-3-0m_b4_Dec_4x-8x,0.02763598
rx_overall_dist_gpi6_pmpm_ct_t_6-3-0m_b4_Dec_over_8x,0.20452875
rx_overall_dist_gpi6_pmpm_ct_t_6-3-0m_b4_Inc_1x-2x,-0.011297105
rx_overall_dist_gpi6_pmpm_ct_t_6-3-0m_b4_Inc_over_8x,0.11543088
rx_overall_dist_gpi6_pmpm_ct_t_6-3-0m_b4_New,-0.036574733
rx_overall_dist_gpi6_pmpm_ct_t_6-3-0m_b4_No Activity,0.06255645
rx_overall_dist_gpi6_pmpm_ct_t_6-3-0m_b4_No_Change,-0.0013349124
rx_overall_dist_gpi6_pmpm_ct_t_6-3-0m_b4_Resolved,0.027097436
rx_phar_cat_humana_pmpm_ct_t_9-6-3m_b4_Dec_2x-4x,0.0071525997
rx_phar_cat_humana_pmpm_ct_t_9-6-3m_b4_Inc_1x-2x,-0.015432927
rx_phar_cat_humana_pmpm_ct_t_9-6-3m_b4_Inc_2x-4x,0.013629036
rx_phar_cat_humana_pmpm_ct_t_9-6-3m_b4_New,0.0033442697
rx_phar_cat_humana_pmpm_ct_t_9-6-3m_b4_No Activity,-0.020997826
rx_phar_cat_humana_pmpm_ct_t_9-6-3m_b4_No_Change,-0.037543952
rx_overall_gpi_pmpm_ct_t_6-3-0m_b4_Dec_2x-4x,0.015303964
rx_overall_gpi_pmpm_ct_t_6-3-0m_b4_Dec_4x-8x,0.051445384
rx_overall_gpi_pmpm_ct_t_6-3-0m_b4_Inc_1x-2x,-0.010344934
rx_overall_gpi_pmpm_ct_t_6-3-0m_b4_Inc_2x-4x,0.0025707681
rx_overall_gpi_pmpm_ct_t_6-3-0m_b4_Inc_over_8x,0.14436235
rx_overall_gpi_pmpm_ct_t_6-3-0m_b4_New,-0.023459455
rx_overall_gpi_pmpm_ct_t_6-3-0m_b4_No Activity,0.06696098
rx_overall_gpi_pmpm_ct_t_6-3-0m_b4_No_Change,-0.0034247956
rx_overall_gpi_pmpm_ct_t_6-3-0m_b4_Resolved,0.047283925
mcc_chf_pmpm_ct_t_9-6-3m_b4_Dec_2x-4x,0.07142361
mcc_chf_pmpm_ct_t_9-6-3m_b4_Dec_4x-8x,0.22554767
mcc_chf_pmpm_ct_t_9-6-3m_b4_Dec_over_8x,0.07944086
mcc_chf_pmpm_ct_t_9-6-3m_b4_Inc_1x-2x,0.12823926
mcc_chf_pmpm_ct_t_9-6-3m_b4_Inc_2x-4x,0.19837818
mcc_chf_pmpm_ct_t_9-6-3m_b4_Inc_4x-8x,0.23159558
mcc_chf_pmpm_ct_t_9-6-3m_b4_Inc_over_8x,0.29233992
mcc_chf_pmpm_ct_t_9-6-3m_b4_New,0.098318
mcc_chf_pmpm_ct_t_9-6-3m_b4_No Activity,-0.02919059
mcc_chf_pmpm_ct_t_9-6-3m_b4_No_Change,0.0796639
mcc_chf_pmpm_ct_t_9-6-3m_b4_Resolved,0.05447016
rx_maint_pmpm_cost_t_6-3-0m_b4_Dec_2x-4x,0.009933911
rx_maint_pmpm_cost_t_6-3-0m_b4_Dec_4x-8x,0.044959564
rx_maint_pmpm_cost_t_6-3-0m_b4_Dec_over_8x,0.04235093
rx_maint_pmpm_cost_t_6-3-0m_b4_Inc_1x-2x,-0.014770093
rx_maint_pmpm_cost_t_6-3-0m_b4_Inc_2x-4x,0.0025353106
rx_maint_pmpm_cost_t_6-3-0m_b4_New,0.044590328
rx_maint_pmpm_cost_t_6-3-0m_b4_No Activity,0.058383405
rx_maint_pmpm_cost_t_6-3-0m_b4_No_Change,0.0035847893
rx_maint_pmpm_cost_t_6-3-0m_b4_Resolved,0.00090189
cons_mobplus_P,-0.019871194
cons_mobplus_U,0.03034015
rx_maint_net_paid_pmpm_cost_t_12-9-6m_b4_Dec_2x-4x,0.036935233
rx_maint_net_paid_pmpm_cost_t_12-9-6m_b4_Dec_4x-8x,0.03703699
rx_maint_net_paid_pmpm_cost_t_12-9-6m_b4_Dec_over_8x,0.028900972
rx_maint_net_paid_pmpm_cost_t_12-9-6m_b4_Inc_1x-2x,-0.03858489
rx_maint_net_paid_pmpm_cost_t_12-9-6m_b4_Inc_2x-4x,-0.024107609
rx_maint_net_paid_pmpm_cost_t_12-9-6m_b4_New,0.046772398
rx_maint_net_paid_pmpm_cost_t_12-9-6m_b4_No Activity,-0.007392571
rx_maint_net_paid_pmpm_cost_t_12-9-6m_b4_No_Change,-0.0610298
rej_med_outpatient_visit_ct_pmpm_t_6-3-0m_b4_Dec_2x-4x,0.10787679
rej_med_outpatient_visit_ct_pmpm_t_6-3-0m_b4_Dec_4x-8x,-0.10026336
rej_med_outpatient_visit_ct_pmpm_t_6-3-0m_b4_Inc_1x-2x,0.14152607
rej_med_outpatient_visit_ct_pmpm_t_6-3-0m_b4_Inc_2x-4x,0.15788482
rej_med_outpatient_visit_ct_pmpm_t_6-3-0m_b4_Inc_4x-8x,0.15475412
rej_med_outpatient_visit_ct_pmpm_t_6-3-0m_b4_New,0.06791798
rej_med_outpatient_visit_ct_pmpm_t_6-3-0m_b4_No Activity,0.01309612
rej_med_outpatient_visit_ct_pmpm_t_6-3-0m_b4_No_Change,0.04155346
rej_med_outpatient_visit_ct_pmpm_t_6-3-0m_b4_Resolved,0.044694263
med_physician_office_allowed_pmpm_cost_t_9-6-3m_b4_Inc_1x-2x,-0.00904307
med_physician_office_allowed_pmpm_cost_t_9-6-3m_b4_Inc_2x-4x,-0.0036248176
med_physician_office_allowed_pmpm_cost_t_9-6-3m_b4_Inc_4x-8x,0.10217395
med_physician_office_allowed_pmpm_cost_t_9-6-3m_b4_Inc_over_8x,0.06396386
med_physician_office_allowed_pmpm_cost_t_9-6-3m_b4_New,0.030399913
med_physician_office_allowed_pmpm_cost_t_9-6-3m_b4_No Activity,-0.0042636576
med_physician_office_allowed_pmpm_cost_t_9-6-3m_b4_No_Change,0.011976634
med_physician_office_allowed_pmpm_cost_t_9-6-3m_b4_Resolved,0.008215414
total_physician_office_net_paid_pmpm_cost_t_9-6-3m_b4_Inc_1x-2x,0.00817697
total_physician_office_net_paid_pmpm_cost_t_9-6-3m_b4_Inc_2x-4x,-0.009616024
total_physician_office_net_paid_pmpm_cost_t_9-6-3m_b4_Inc_4x-8x,0.009336642
total_physician_office_net_paid_pmpm_cost_t_9-6-3m_b4_Inc_over_8x,0.00038043535
total_physician_office_net_paid_pmpm_cost_t_9-6-3m_b4_New,-0.012744132
total_physician_office_net_paid_pmpm_cost_t_9-6-3m_b4_No Activity,0.029047264
total_physician_office_net_paid_pmpm_cost_t_9-6-3m_b4_No_Change,0.015175339
total_physician_office_net_paid_pmpm_cost_t_9-6-3m_b4_Resolved,0.00075504434
rx_branded_pmpm_ct_t_6-3-0m_b4_Dec_4x-8x,-0.04095109
rx_branded_pmpm_ct_t_6-3-0m_b4_Dec_over_8x,0.08140706
rx_branded_pmpm_ct_t_6-3-0m_b4_Inc_1x-2x,-0.010746882
rx_branded_pmpm_ct_t_6-3-0m_b4_No Activity,-0.00938109
rx_branded_pmpm_ct_t_6-3-0m_b4_No_Change,0.023923244
med_outpatient_deduct_pmpm_cost_t_9-6-3m_b4_No Activity,0.005265793
med_outpatient_deduct_pmpm_cost_t_9-6-3m_b4_No_Change,0.047704246
med_outpatient_deduct_pmpm_cost_t_9-6-3m_b4_Resolved,-0.08005475
total_allowed_pmpm_cost_t_9-6-3m_b4_Dec_2x-4x,-0.008211141
total_allowed_pmpm_cost_t_9-6-3m_b4_Inc_1x-2x,0.034496844
total_allowed_pmpm_cost_t_9-6-3m_b4_Inc_2x-4x,0.06927528
total_allowed_pmpm_cost_t_9-6-3m_b4_Inc_4x-8x,0.07477416
total_allowed_pmpm_cost_t_9-6-3m_b4_Inc_over_8x,0.039044242
total_allowed_pmpm_cost_t_9-6-3m_b4_New,0.0772686
total_allowed_pmpm_cost_t_9-6-3m_b4_No Activity,-0.020544272
total_allowed_pmpm_cost_t_9-6-3m_b4_No_Change,0.004822277
total_allowed_pmpm_cost_t_9-6-3m_b4_Resolved,0.024861567
mabh_seg_C2,0.03130921
mabh_seg_C4,0.02911007
mabh_seg_C5,0.13210562
mabh_seg_C6,0.20362289
mabh_seg_H1,0.005331687
mabh_seg_H2,-0.019127568
mabh_seg_H3,0.10615743
mabh_seg_H4,0.22505613
mabh_seg_H5,0.16211103
mabh_seg_H6,0.14738533
mabh_seg_H7,0.0657935
mabh_seg_H8,0.08033635
cms_orig_reas_entitle_cd_1.0,0.21520323
cms_orig_reas_entitle_cd_2.0,0.25562465
cms_orig_reas_entitle_cd_3.0,0.2665905
oontwk_mbr_resp_pmpm_cost_t_6-3-0m_b4_Dec_4x-8x,0.0282633
oontwk_mbr_resp_pmpm_cost_t_6-3-0m_b4_Inc_2x-4x,0.054256678
oontwk_mbr_resp_pmpm_cost_t_6-3-0m_b4_New,0.028688882
oontwk_mbr_resp_pmpm_cost_t_6-3-0m_b4_No Activity,-0.02104136
oontwk_mbr_resp_pmpm_cost_t_6-3-0m_b4_No_Change,0.024175948
oontwk_mbr_resp_pmpm_cost_t_6-3-0m_b4_Resolved,-0.04900544
hum_region_CENTRAL,0.15766475
hum_region_CENTRAL WEST,0.06345976
hum_region_EAST,0.009353624
hum_region_EAST CENTRAL,0.16355172
hum_region_FLORIDA,0.20643796
hum_region_GREAT LAKES/CENTRAL NORTH,-0.15891571
hum_region_GULF STATES,-0.09409927
hum_region_INTERMOUNTAIN,0.10841945
hum_region_MID-SOUTH,0.3054718
hum_region_NORTHEAST,0.10762485
hum_region_PACIFIC,-0.12930584
hum_region_PR,-0.045074157
hum_region_TEXAS,0.011384798
rx_nonmail_dist_gpi6_pmpm_ct_t_9-6-3m_b4_Dec_2x-4x,-0.0073349196
rx_nonmail_dist_gpi6_pmpm_ct_t_9-6-3m_b4_Dec_4x-8x,-0.019250078
rx_nonmail_dist_gpi6_pmpm_ct_t_9-6-3m_b4_Inc_1x-2x,0.013748755
rx_nonmail_dist_gpi6_pmpm_ct_t_9-6-3m_b4_Inc_2x-4x,0.011728009
rx_nonmail_dist_gpi6_pmpm_ct_t_9-6-3m_b4_Inc_4x-8x,-0.014273898
rx_nonmail_dist_gpi6_pmpm_ct_t_9-6-3m_b4_New,0.010928628
rx_nonmail_dist_gpi6_pmpm_ct_t_9-6-3m_b4_No Activity,-0.027384233
rx_nonmail_dist_gpi6_pmpm_ct_t_9-6-3m_b4_No_Change,0.0050316434
rx_nonmail_dist_gpi6_pmpm_ct_t_9-6-3m_b4_Resolved,-0.023495357
med_outpatient_mbr_resp_pmpm_cost_t_9-6-3m_b4_Dec_2x-4x,0.12338571
med_outpatient_mbr_resp_pmpm_cost_t_9-6-3m_b4_Dec_4x-8x,0.17081387
med_outpatient_mbr_resp_pmpm_cost_t_9-6-3m_b4_Dec_over_8x,0.064237155
med_outpatient_mbr_resp_pmpm_cost_t_9-6-3m_b4_Inc_1x-2x,0.060054604
med_outpatient_mbr_resp_pmpm_cost_t_9-6-3m_b4_Inc_2x-4x,0.062926546
med_outpatient_mbr_resp_pmpm_cost_t_9-6-3m_b4_Inc_4x-8x,0.09917821
med_outpatient_mbr_resp_pmpm_cost_t_9-6-3m_b4_Inc_over_8x,0.15704317
med_outpatient_mbr_resp_pmpm_cost_t_9-6-3m_b4_New,0.037758335
med_outpatient_mbr_resp_pmpm_cost_t_9-6-3m_b4_No Activity,0.008670995
med_outpatient_mbr_resp_pmpm_cost_t_9-6-3m_b4_No_Change,-0.016814608
med_outpatient_mbr_resp_pmpm_cost_t_9-6-3m_b4_Resolved,0.06159286
rx_nonbh_net_paid_pmpm_cost_t_6-3-0m_b4_Dec_2x-4x,-0.019388452
rx_nonbh_net_paid_pmpm_cost_t_6-3-0m_b4_Dec_over_8x,0.04940724
rx_nonbh_net_paid_pmpm_cost_t_6-3-0m_b4_Inc_1x-2x,0.0024063904
rx_nonbh_net_paid_pmpm_cost_t_6-3-0m_b4_Inc_2x-4x,-0.008500621
rx_nonbh_net_paid_pmpm_cost_t_6-3-0m_b4_Inc_4x-8x,0.010677426
rx_nonbh_net_paid_pmpm_cost_t_6-3-0m_b4_Inc_over_8x,0.011792279
rx_nonbh_net_paid_pmpm_cost_t_6-3-0m_b4_New,0.043986965
rx_nonbh_net_paid_pmpm_cost_t_6-3-0m_b4_No Activity,0.06239303
rx_nonbh_net_paid_pmpm_cost_t_6-3-0m_b4_No_Change,-0.02003886
rx_nonbh_net_paid_pmpm_cost_t_6-3-0m_b4_Resolved,0.02357374
rx_gpi2_39_pmpm_cost_t_6-3-0m_b4_Dec_2x-4x,-0.029498676
rx_gpi2_39_pmpm_cost_t_6-3-0m_b4_Inc_1x-2x,-0.021650791
rx_gpi2_39_pmpm_cost_t_6-3-0m_b4_Inc_2x-4x,0.009436421
rx_gpi2_39_pmpm_cost_t_6-3-0m_b4_New,0.042917367
rx_gpi2_39_pmpm_cost_t_6-3-0m_b4_No Activity,0.046930052
rx_gpi2_39_pmpm_cost_t_6-3-0m_b4_No_Change,-0.01493371
atlas_type_2015_update_2.0,-0.012146343
atlas_type_2015_update_3.0,0.012307615
atlas_type_2015_update_4.0,0.011376606
atlas_type_2015_update_5.0,-0.17813548
rx_maint_pmpm_ct_t_6-3-0m_b4_Dec_4x-8x,0.07115872
rx_maint_pmpm_ct_t_6-3-0m_b4_Dec_over_8x,0.0153103955
rx_maint_pmpm_ct_t_6-3-0m_b4_Inc_1x-2x,-0.01185871
rx_maint_pmpm_ct_t_6-3-0m_b4_New,-0.007937209
rx_maint_pmpm_ct_t_6-3-0m_b4_No Activity,0.047921933
rx_maint_pmpm_ct_t_6-3-0m_b4_No_Change,-0.010683466
rx_maint_pmpm_ct_t_6-3-0m_b4_Resolved,0.008716095
rx_mail_net_paid_pmpm_cost_t_6-3-0m_b4_Dec_2x-4x,0.029002013
rx_mail_net_paid_pmpm_cost_t_6-3-0m_b4_Dec_over_8x,0.03876029
rx_mail_net_paid_pmpm_cost_t_6-3-0m_b4_Inc_1x-2x,0.046875298
rx_mail_net_paid_pmpm_cost_t_6-3-0m_b4_Inc_2x-4x,0.06832017
rx_mail_net_paid_pmpm_cost_t_6-3-0m_b4_Inc_over_8x,0.038469918
rx_mail_net_paid_pmpm_cost_t_6-3-0m_b4_New,0.010567931
rx_mail_net_paid_pmpm_cost_t_6-3-0m_b4_No Activity,-0.08840257
rx_mail_net_paid_pmpm_cost_t_6-3-0m_b4_No_Change,0.01690729
rx_mail_net_paid_pmpm_cost_t_6-3-0m_b4_Resolved,0.0065908646
total_physician_office_mbr_resp_pmpm_cost_t_9-6-3m_b4_Dec_2x-4x,-0.01636457
total_physician_office_mbr_resp_pmpm_cost_t_9-6-3m_b4_Dec_4x-8x,-0.061918225
total_physician_office_mbr_resp_pmpm_cost_t_9-6-3m_b4_Dec_over_8x,-0.004846398
total_physician_office_mbr_resp_pmpm_cost_t_9-6-3m_b4_Inc_1x-2x,0.0053653605
total_physician_office_mbr_resp_pmpm_cost_t_9-6-3m_b4_Inc_2x-4x,0.010943892
total_physician_office_mbr_resp_pmpm_cost_t_9-6-3m_b4_Inc_4x-8x,0.046986338
total_physician_office_mbr_resp_pmpm_cost_t_9-6-3m_b4_Inc_over_8x,0.097820505
total_physician_office_mbr_resp_pmpm_cost_t_9-6-3m_b4_New,-0.034451615
total_physician_office_mbr_resp_pmpm_cost_t_9-6-3m_b4_No Activity,0.023711396
total_physician_office_mbr_resp_pmpm_cost_t_9-6-3m_b4_No_Change,0.015279939
total_physician_office_mbr_resp_pmpm_cost_t_9-6-3m_b4_Resolved,-0.023601227
rx_mail_mbr_resp_pmpm_cost_t_9-6-3m_b4_Dec_2x-4x,0.051973157
rx_mail_mbr_resp_pmpm_cost_t_9-6-3m_b4_Dec_4x-8x,0.04384172
rx_mail_mbr_resp_pmpm_cost_t_9-6-3m_b4_Dec_over_8x,0.068774745
rx_mail_mbr_resp_pmpm_cost_t_9-6-3m_b4_Inc_1x-2x,0.018452683
rx_mail_mbr_resp_pmpm_cost_t_9-6-3m_b4_Inc_2x-4x,0.029557668
rx_mail_mbr_resp_pmpm_cost_t_9-6-3m_b4_Inc_4x-8x,0.043370195
rx_mail_mbr_resp_pmpm_cost_t_9-6-3m_b4_Inc_over_8x,0.068752185
rx_mail_mbr_resp_pmpm_cost_t_9-6-3m_b4_New,-0.002639813
rx_mail_mbr_resp_pmpm_cost_t_9-6-3m_b4_No Activity,-0.033113163
rx_mail_mbr_resp_pmpm_cost_t_9-6-3m_b4_No_Change,-0.013078078
rx_mail_mbr_resp_pmpm_cost_t_9-6-3m_b4_Resolved,0.04697813
med_outpatient_visit_ct_pmpm_t_12-9-6m_b4_Inc_1x-2x,-0.059125688
med_outpatient_visit_ct_pmpm_t_12-9-6m_b4_Inc_2x-4x,-0.05194261
med_outpatient_visit_ct_pmpm_t_12-9-6m_b4_Inc_4x-8x,0.051692087
med_outpatient_visit_ct_pmpm_t_12-9-6m_b4_New,0.006901076
med_outpatient_visit_ct_pmpm_t_12-9-6m_b4_No Activity,0.0048402124
med_outpatient_visit_ct_pmpm_t_12-9-6m_b4_No_Change,-0.0060781506
med_outpatient_visit_ct_pmpm_t_12-9-6m_b4_Resolved,-0.05559681
rx_nonbh_pmpm_ct_t_9-6-3m_b4_Dec_2x-4x,-0.009344632
rx_nonbh_pmpm_ct_t_9-6-3m_b4_Inc_1x-2x,-0.01623492
rx_nonbh_pmpm_ct_t_9-6-3m_b4_New,-0.013967985
rx_nonbh_pmpm_ct_t_9-6-3m_b4_No Activity,0.008848459
rx_nonbh_pmpm_ct_t_9-6-3m_b4_No_Change,-0.020253014
rx_nonbh_pmpm_ct_t_9-6-3m_b4_Resolved,0.011269481
total_med_net_paid_pmpm_cost_t_6-3-0m_b4_Dec_2x-4x,0.011080344
total_med_net_paid_pmpm_cost_t_6-3-0m_b4_Dec_4x-8x,-0.0003651482
total_med_net_paid_pmpm_cost_t_6-3-0m_b4_Dec_over_8x,0.0052226074
total_med_net_paid_pmpm_cost_t_6-3-0m_b4_Inc_1x-2x,0.009712337
total_med_net_paid_pmpm_cost_t_6-3-0m_b4_Inc_2x-4x,-0.039710335
total_med_net_paid_pmpm_cost_t_6-3-0m_b4_Inc_over_8x,-0.022775354
total_med_net_paid_pmpm_cost_t_6-3-0m_b4_New,0.028007528
total_med_net_paid_pmpm_cost_t_6-3-0m_b4_No Activity,0.00067701406
total_med_net_paid_pmpm_cost_t_6-3-0m_b4_No_Change,0.048871588
total_med_net_paid_pmpm_cost_t_6-3-0m_b4_Resolved,0.028555803
rx_gpi2_62_pmpm_cost_t_9-6-3m_b4_Dec_2x-4x,-0.09275361
rx_gpi2_62_pmpm_cost_t_9-6-3m_b4_Inc_1x-2x,-0.040613674
rx_gpi2_62_pmpm_cost_t_9-6-3m_b4_Inc_2x-4x,0.03387431
rx_gpi2_62_pmpm_cost_t_9-6-3m_b4_Inc_4x-8x,0.08078984
rx_gpi2_62_pmpm_cost_t_9-6-3m_b4_Inc_over_8x,-0.14615227
rx_gpi2_62_pmpm_cost_t_9-6-3m_b4_New,-0.019751368
rx_gpi2_62_pmpm_cost_t_9-6-3m_b4_No Activity,0.0093455715
rx_gpi2_62_pmpm_cost_t_9-6-3m_b4_No_Change,-0.07455945
rx_gpi2_62_pmpm_cost_t_9-6-3m_b4_Resolved,0.08689538
lang_spoken_cd_CRE,0.24756451
lang_spoken_cd_ENG,0.00910416
lang_spoken_cd_KOR,0.19124095
lang_spoken_cd_OTH,-0.036696192
lang_spoken_cd_SPA,0.14987026
rx_overall_gpi_pmpm_ct_t_12-9-6m_b4_Dec_2x-4x,0.018470846
rx_overall_gpi_pmpm_ct_t_12-9-6m_b4_Dec_4x-8x,0.01704976
rx_overall_gpi_pmpm_ct_t_12-9-6m_b4_Inc_1x-2x,-0.018468132
rx_overall_gpi_pmpm_ct_t_12-9-6m_b4_Inc_2x-4x,0.03594649
rx_overall_gpi_pmpm_ct_t_12-9-6m_b4_New,0.037739735
rx_overall_gpi_pmpm_ct_t_12-9-6m_b4_No Activity,0.0046834825
rx_overall_gpi_pmpm_ct_t_12-9-6m_b4_No_Change,0.004158387
rx_overall_gpi_pmpm_ct_t_12-9-6m_b4_Resolved,-0.030799069
cons_hhcomp_B,-0.10273243
cons_hhcomp_C,0.08082826
cons_hhcomp_E,0.045185644
cons_hhcomp_F,0.009481821
cons_hhcomp_G,0.10305745
cons_hhcomp_I,0.15299673
cons_hhcomp_J,-0.00988527
cons_hhcomp_K,0.09925319
cons_hhcomp_L,-0.065979555
cons_hhcomp_U,-0.044120632
rx_nonmaint_dist_gpi6_pmpm_ct_t_12-9-6m_b4_Dec_2x-4x,-0.0064005423
rx_nonmaint_dist_gpi6_pmpm_ct_t_12-9-6m_b4_Dec_4x-8x,-0.024524182
rx_nonmaint_dist_gpi6_pmpm_ct_t_12-9-6m_b4_Inc_1x-2x,-0.0047843796
rx_nonmaint_dist_gpi6_pmpm_ct_t_12-9-6m_b4_Inc_2x-4x,-0.0012439736
rx_nonmaint_dist_gpi6_pmpm_ct_t_12-9-6m_b4_Inc_4x-8x,-0.076171026
rx_nonmaint_dist_gpi6_pmpm_ct_t_12-9-6m_b4_New,-0.004400778
rx_nonmaint_dist_gpi6_pmpm_ct_t_12-9-6m_b4_No Activity,0.019715413
rx_nonmaint_dist_gpi6_pmpm_ct_t_12-9-6m_b4_No_Change,0.0031866718
rx_nonmaint_dist_gpi6_pmpm_ct_t_12-9-6m_b4_Resolved,-0.019133236
rx_nonotc_pmpm_cost_t_6-3-0m_b4_Dec_2x-4x,0.013179761
rx_nonotc_pmpm_cost_t_6-3-0m_b4_Dec_over_8x,0.018375173
rx_nonotc_pmpm_cost_t_6-3-0m_b4_Inc_1x-2x,-0.009582385
rx_nonotc_pmpm_cost_t_6-3-0m_b4_Inc_2x-4x,-0.009455038
rx_nonotc_pmpm_cost_t_6-3-0m_b4_Inc_4x-8x,-0.020671131
rx_nonotc_pmpm_cost_t_6-3-0m_b4_New,0.013277587
rx_nonotc_pmpm_cost_t_6-3-0m_b4_No Activity,0.057925332
rx_nonotc_pmpm_cost_t_6-3-0m_b4_No_Change,0.057579253
rx_nonotc_pmpm_cost_t_6-3-0m_b4_Resolved,0.026231237
med_ambulance_coins_pmpm_cost_t_9-6-3m_b4_No Activity,0.012226806
med_ambulance_coins_pmpm_cost_t_9-6-3m_b4_No_Change,0.018004743
med_ambulance_coins_pmpm_cost_t_9-6-3m_b4_Resolved,-0.14195287
rx_maint_net_paid_pmpm_cost_t_9-6-3m_b4_Dec_2x-4x,0.006169265
rx_maint_net_paid_pmpm_cost_t_9-6-3m_b4_Inc_1x-2x,-0.0038929607
rx_maint_net_paid_pmpm_cost_t_9-6-3m_b4_Inc_2x-4x,0.008184496
rx_maint_net_paid_pmpm_cost_t_9-6-3m_b4_Inc_4x-8x,0.026875665
rx_maint_net_paid_pmpm_cost_t_9-6-3m_b4_New,0.02395366
rx_maint_net_paid_pmpm_cost_t_9-6-3m_b4_No Activity,0.043167695
rx_maint_net_paid_pmpm_cost_t_9-6-3m_b4_No_Change,-0.058094967
rx_maint_net_paid_pmpm_cost_t_9-6-3m_b4_Resolved,-0.006912469
rx_phar_cat_cvs_pmpm_ct_t_9-6-3m_b4_Dec_2x-4x,0.09007247
rx_phar_cat_cvs_pmpm_ct_t_9-6-3m_b4_Inc_1x-2x,0.08053956
rx_phar_cat_cvs_pmpm_ct_t_9-6-3m_b4_New,0.058672417
rx_phar_cat_cvs_pmpm_ct_t_9-6-3m_b4_No Activity,-0.051536422
rx_phar_cat_cvs_pmpm_ct_t_9-6-3m_b4_Resolved,0.006918961
total_physician_office_visit_ct_pmpm_t_6-3-0m_b4_Dec_2x-4x,-0.04679253
total_physician_office_visit_ct_pmpm_t_6-3-0m_b4_Dec_4x-8x,-0.027490597
total_physician_office_visit_ct_pmpm_t_6-3-0m_b4_Inc_1x-2x,0.034330815
total_physician_office_visit_ct_pmpm_t_6-3-0m_b4_New,-0.0041879513
total_physician_office_visit_ct_pmpm_t_6-3-0m_b4_No Activity,-0.0021980258
total_physician_office_visit_ct_pmpm_t_6-3-0m_b4_No_Change,0.008773256
total_physician_office_visit_ct_pmpm_t_6-3-0m_b4_Resolved,-0.017823072
rx_generic_dist_gpi6_pmpm_ct_t_9-6-3m_b4_Dec_2x-4x,-0.033975482
rx_generic_dist_gpi6_pmpm_ct_t_9-6-3m_b4_Dec_4x-8x,0.03746045
rx_generic_dist_gpi6_pmpm_ct_t_9-6-3m_b4_Inc_1x-2x,-0.0013826416
rx_generic_dist_gpi6_pmpm_ct_t_9-6-3m_b4_Inc_2x-4x,-0.03139083
rx_generic_dist_gpi6_pmpm_ct_t_9-6-3m_b4_New,0.0065616868
rx_generic_dist_gpi6_pmpm_ct_t_9-6-3m_b4_No Activity,0.053483292
rx_generic_dist_gpi6_pmpm_ct_t_9-6-3m_b4_No_Change,0.0031957899
rx_generic_dist_gpi6_pmpm_ct_t_9-6-3m_b4_Resolved,-0.03689868
